layer,position,condition,list_index,vocabulary_rank,token_id,token,log_probability,probability,residual_delta_norm,relative_residual_delta_norm,clean_edited_cosine
22,16,clean,1,1,32261, spider,-0.0119492681697011,0.9881218671798706,29155.197265625,0.7494505939188685,0.8190406560897827
22,16,clean,2,2,92664, spiders,-4.511949062347412,0.010977044701576233,29155.197265625,0.7494505939188685,0.8190406560897827
22,16,clean,3,3,40046, Spider,-7.011949062347412,0.0009010506910271943,29155.197265625,0.7494505939188685,0.8190406560897827
22,16,clean,4,4,86757,Spider,-16.51194953918457,6.744525649082789e-08,29155.197265625,0.7494505939188685,0.8190406560897827
22,16,clean,5,5,48587,spider,-20.01194953918457,2.036670387894901e-09,29155.197265625,0.7494505939188685,0.8190406560897827
22,16,edited,1,27,12107, programme,-6.549002170562744,0.001431543380022049,29155.197265625,0.7494505939188685,0.8190406560897827
22,16,edited,2,30,29473, anda,-6.736502170562744,0.0011867911089211702,29155.197265625,0.7494505939188685,0.8190406560897827
22,16,edited,3,33,16297, labour,-6.861502170562744,0.0010473395232111216,29155.197265625,0.7494505939188685,0.8190406560897827
22,16,edited,4,66,20126, whilst,-7.736502170562744,0.0004365960485301912,29155.197265625,0.7494505939188685,0.8190406560897827
22,16,edited,5,69,22987, programmes,-7.799002170562744,0.00041014401358552277,29155.197265625,0.7494505939188685,0.8190406560897827
23,16,clean,1,1,32261, spider,-0.0009282094542868435,0.9990721940994263,29890.154296875,0.7523147167247642,0.8107534646987915
23,16,clean,2,2,92664, spiders,-7.0009284019470215,0.0009110357495956123,29890.154296875,0.7523147167247642,0.8107534646987915
23,16,clean,3,3,40046, Spider,-11.000927925109863,1.668621007411275e-05,29890.154296875,0.7523147167247642,0.8107534646987915
23,16,clean,4,4,86757,Spider,-20.00092887878418,2.059239889717901e-09,29890.154296875,0.7523147167247642,0.8107534646987915
23,16,clean,5,5,48587,spider,-22.00092887878418,2.786878228189238e-10,29890.154296875,0.7523147167247642,0.8107534646987915
23,16,edited,1,42,12107, programme,-7.664851665496826,0.0004690263303928077,29890.154296875,0.7523147167247642,0.8107534646987915
23,16,edited,2,57,16297, labour,-8.227351188659668,0.00026724327472038567,29890.154296875,0.7523147167247642,0.8107534646987915
23,16,edited,3,57,29473, anda,-8.227351188659668,0.00026724327472038567,29890.154296875,0.7523147167247642,0.8107534646987915
23,16,edited,4,90,22987, programmes,-8.789851188659668,0.00015227062976919115,29890.154296875,0.7523147167247642,0.8107534646987915
23,16,edited,5,105,20488, honour,-9.164851188659668,0.00010465396917425096,29890.154296875,0.7523147167247642,0.8107534646987915
24,16,clean,1,1,32261, spider,-0.0009116546134464443,0.9990887641906738,30893.703125,0.7693955826618006,0.8043400049209595
24,16,clean,2,2,92664, spiders,-7.000911712646484,0.0009110510000027716,30893.703125,0.7693955826618006,0.8043400049209595
24,16,clean,3,3,40046, Spider,-15.500911712646484,1.8537005530561146e-07,30893.703125,0.7693955826618006,0.8043400049209595
24,16,clean,4,4,48587,spider,-22.500911712646484,1.6903560495773462e-10,30893.703125,0.7693955826618006,0.8043400049209595
24,16,clean,5,5,86757,Spider,-25.500911712646484,8.415787164373079e-12,30893.703125,0.7693955826618006,0.8043400049209595
24,16,edited,1,36,12107, programme,-7.03413200378418,0.0008812827873043716,30893.703125,0.7693955826618006,0.8043400049209595
24,16,edited,2,55,16297, labour,-7.65913200378418,0.0004717166884802282,30893.703125,0.7693955826618006,0.8043400049209595
24,16,edited,3,60,29473, anda,-7.72163200378418,0.00044313681428320706,30893.703125,0.7693955826618006,0.8043400049209595
24,16,edited,4,75,22987, programmes,-8.09663200378418,0.0003045631747227162,30893.703125,0.7693955826618006,0.8043400049209595
24,16,edited,5,99,32175, recognised,-8.47163200378418,0.0002093230141326785,30893.703125,0.7693955826618006,0.8043400049209595
25,16,clean,1,1,32261, spider,-0.002476246329024434,0.9975268244743347,31892.65625,0.7454933351351622,0.8066187500953674
25,16,clean,2,2,92664, spiders,-6.002476215362549,0.0024726218543946743,31892.65625,0.7454933351351622,0.8066187500953674
25,16,clean,3,3,40046, Spider,-14.502476692199707,5.031000682720332e-07,31892.65625,0.7454933351351622,0.8066187500953674
25,16,clean,4,4,48587,spider,-20.00247573852539,2.0560571023509056e-09,31892.65625,0.7454933351351622,0.8066187500953674
25,16,clean,5,5,86757,Spider,-23.50247573852539,6.208754343983713e-11,31892.65625,0.7454933351351622,0.8066187500953674
25,16,edited,1,46,12107, programme,-7.473388195037842,0.0005680005415342748,31892.65625,0.7454933351351622,0.8066187500953674
25,16,edited,2,49,16297, labour,-7.535888195037842,0.0005335871246643364,31892.65625,0.7454933351351622,0.8066187500953674
25,16,edited,3,59,29473, anda,-7.723388195037842,0.00044235927634872496,31892.65625,0.7454933351351622,0.8066187500953674
25,16,edited,4,69,531, to,-7.973388195037842,0.0003445097536314279,31892.65625,0.7454933351351622,0.8066187500953674
25,16,edited,5,72,3186, Mr,-8.035888671875,0.0003236368065699935,31892.65625,0.7454933351351622,0.8066187500953674
26,16,clean,1,1,32261, spider,-0.00012420836719684303,0.9998757839202881,33934.7734375,0.7437072797311413,0.7893131971359253
26,16,clean,2,2,92664, spiders,-9.000123977661133,0.00012339450768195093,33934.7734375,0.7437072797311413,0.7893131971359253
26,16,clean,3,3,40046, Spider,-14.000123977661133,8.314256092489813e-07,33934.7734375,0.7437072797311413,0.7893131971359253
26,16,clean,4,4,48587,spider,-19.500123977661133,3.3978464486494886e-09,33934.7734375,0.7437072797311413,0.7893131971359253
26,16,clean,5,5,86757,Spider,-23.500123977661133,6.223373205660465e-11,33934.7734375,0.7437072797311413,0.7893131971359253
26,16,edited,1,154,531, to,-8.971004486083984,0.0001270405191462487,33934.7734375,0.7437072797311413,0.7893131971359253
26,16,edited,2,172,858, i,-9.158504486083984,0.00010532028682064265,33934.7734375,0.7437072797311413,0.7893131971359253
26,16,edited,3,186,607, with,-9.346004486083984,8.7313586845994e-05,33934.7734375,0.7437072797311413,0.7893131971359253
27,16,clean,1,1,32261, spider,-4.4225667807040736e-05,0.9999557733535767,35891.05859375,0.7111539370385596,0.7802523970603943
27,16,clean,2,2,40046, Spider,-10.500043869018555,2.7535241315490566e-05,35891.05859375,0.7111539370385596,0.7802523970603943
27,16,clean,3,3,92664, spiders,-11.000043869018555,1.6700967535143718e-05,35891.05859375,0.7111539370385596,0.7802523970603943
27,16,clean,4,4,48587,spider,-18.500043869018555,9.237044018561846e-09,35891.05859375,0.7111539370385596,0.7802523970603943
27,16,clean,5,5,86757,Spider,-20.500043869018555,1.2500980250962357e-09,35891.05859375,0.7111539370385596,0.7802523970603943
27,16,edited,1,121,858, i,-9.067225456237793,0.00011538623948581517,35891.05859375,0.7111539370385596,0.7802523970603943
27,16,edited,2,149,503, s,-9.442225456237793,7.930372521514073e-05,35891.05859375,0.7111539370385596,0.7802523970603943
27,16,edited,3,164,607, with,-9.567225456237793,6.998528988333419e-05,35891.05859375,0.7111539370385596,0.7802523970603943
27,16,edited,4,171,176606, sya,-9.598475456237793,6.78320720908232e-05,35891.05859375,0.7111539370385596,0.7802523970603943
27,16,edited,5,184,573, for,-9.660975456237793,6.372233474394307e-05,35891.05859375,0.7111539370385596,0.7802523970603943
28,16,clean,1,1,32261, spider,-2.288792165927589e-05,0.9999771118164062,37972.734375,0.6661755850474076,0.7851371169090271
28,16,clean,2,2,40046, Spider,-11.000022888183594,1.6701318600098602e-05,37972.734375,0.6661755850474076,0.7851371169090271
28,16,clean,3,3,92664, spiders,-12.000022888183594,6.144071903690929e-06,37972.734375,0.6661755850474076,0.7851371169090271
28,16,clean,4,4,48587,spider,-17.500022888183594,2.5109416768032133e-08,37972.734375,0.6661755850474076,0.7851371169090271
28,16,clean,5,5,86757,Spider,-20.000022888183594,2.0611063966669008e-09,37972.734375,0.6661755850474076,0.7851371169090271
28,16,edited,1,170,176606, sya,-11.84615707397461,7.166041996242711e-06,37972.734375,0.6661755850474076,0.7851371169090271
28,16,edited,2,185,29473, anda,-11.97115707397461,6.324009973468492e-06,37972.734375,0.6661755850474076,0.7851371169090271
28,16,edited,3,185,121049, Honourable,-11.97115707397461,6.324009973468492e-06,37972.734375,0.6661755850474076,0.7851371169090271
29,16,clean,1,1,32261, spider,-3.838465272565372e-05,0.9999616146087646,39749.73046875,0.6742462235892763,0.780518651008606
29,16,clean,2,2,40046, Spider,-10.750038146972656,2.1444589947350323e-05,39749.73046875,0.6742462235892763,0.780518651008606
29,16,clean,3,3,92664, spiders,-11.000038146972656,1.6701063941582106e-05,39749.73046875,0.6742462235892763,0.780518651008606
29,16,clean,4,4,48587,spider,-15.500038146972656,1.8553205904936476e-07,39749.73046875,0.6742462235892763,0.780518651008606
29,16,clean,5,5,86757,Spider,-20.000038146972656,2.0610750883776063e-09,39749.73046875,0.6742462235892763,0.780518651008606
29,16,edited,1,1,17969,embre,-4.375438690185547,0.012582621537148952,39749.73046875,0.6742462235892763,0.780518651008606
29,16,edited,2,2,92634, plu,-5.250438690185547,0.005245216656476259,39749.73046875,0.6742462235892763,0.780518651008606
29,16,edited,3,4,167362, malaysia,-5.375438690185547,0.004628887865692377,39749.73046875,0.6742462235892763,0.780518651008606
29,16,edited,4,5,2854, fa,-5.437938690185547,0.004348437301814556,39749.73046875,0.6742462235892763,0.780518651008606
29,16,edited,5,6,144600, enti,-5.562938690185547,0.003837482538074255,39749.73046875,0.6742462235892763,0.780518651008606
30,16,clean,1,1,32261, spider,-0.00046659549116156995,0.9995335340499878,40185.0625,0.7413185418054291,0.7693786025047302
30,16,clean,2,2,92664, spiders,-8.000466346740723,0.00033530622022226453,40185.0625,0.7413185418054291,0.7693786025047302
30,16,clean,3,3,40046, Spider,-9.000466346740723,0.00012335226347204298,40185.0625,0.7413185418054291,0.7693786025047302
30,16,clean,4,4,48587,spider,-11.750466346740723,7.885646482463926e-06,40185.0625,0.7413185418054291,0.7693786025047302
30,16,clean,5,5,86757,Spider,-17.12546730041504,3.651775415391967e-08,40185.0625,0.7413185418054291,0.7693786025047302
30,16,edited,1,3,1115, es,-5.035383224487305,0.006503705400973558,40185.0625,0.7413185418054291,0.7693786025047302
30,16,edited,2,4,78948, legge,-5.410383224487305,0.004469926934689283,40185.0625,0.7413185418054291,0.7693786025047302
30,16,edited,3,6,1175, ent,-5.597883224487305,0.00370569946244359,40185.0625,0.7413185418054291,0.7693786025047302
30,16,edited,4,6,503, s,-5.597883224487305,0.00370569946244359,40185.0625,0.7413185418054291,0.7693786025047302
30,16,edited,5,8,13711, conform,-5.785383224487305,0.00307213282212615,40185.0625,0.7413185418054291,0.7693786025047302
31,16,clean,1,1,32261, spider,-0.00015686711412854493,0.9998431205749512,41963.94140625,0.7243986529118546,0.7939497828483582
31,16,clean,2,2,40046, Spider,-9.50015640258789,7.484012166969478e-05,41963.94140625,0.7243986529118546,0.7939497828483582
31,16,clean,3,3,92664, spiders,-9.50015640258789,7.484012166969478e-05,41963.94140625,0.7243986529118546,0.7939497828483582
31,16,clean,4,4,48587,spider,-11.87515640258789,6.961216058698483e-06,41963.94140625,0.7243986529118546,0.7939497828483582
31,16,clean,5,5,16368, insect,-16.12515640258789,9.929641464623273e-08,41963.94140625,0.7243986529118546,0.7939497828483582
31,16,edited,1,3,78948, legge,-5.407416820526123,0.004483206197619438,41963.94140625,0.7243986529118546,0.7939497828483582
31,16,edited,2,4,1115, es,-5.844916820526123,0.002894575474783778,41963.94140625,0.7243986529118546,0.7939497828483582
31,16,edited,3,6,503, s,-6.126166820526123,0.002184940269216895,41963.94140625,0.7243986529118546,0.7939497828483582
31,16,edited,4,7,20871, llam,-6.157416820526123,0.002117716707289219,41963.94140625,0.7243986529118546,0.7939497828483582
31,16,edited,5,8,40821, Lands,-6.251166820526123,0.0019282029243186116,41963.94140625,0.7243986529118546,0.7939497828483582
32,16,clean,1,1,32261, spider,-0.00012659224739763886,0.9998733997344971,43175.21484375,0.704979203382822,0.7849030494689941
32,16,clean,2,2,16368, insect,-10.000126838684082,4.5394172047963366e-05,43175.21484375,0.704979203382822,0.7849030494689941
32,16,clean,3,3,40046, Spider,-10.250126838684082,3.5353015846339986e-05,43175.21484375,0.704979203382822,0.7849030494689941
32,16,clean,4,4,90707, beetle,-10.875126838684082,1.8923106836155057e-05,43175.21484375,0.704979203382822,0.7849030494689941
32,16,clean,5,5,43695, crab,-11.625126838684082,8.938642167777289e-06,43175.21484375,0.704979203382822,0.7849030494689941
32,16,edited,1,1,20871, llam,-5.465042591094971,0.004232160747051239,43175.21484375,0.704979203382822,0.7849030494689941
32,16,edited,2,2,78948, legge,-5.465042591094971,0.004232160747051239,43175.21484375,0.704979203382822,0.7849030494689941
32,16,edited,3,3,1115, es,-5.902542591094971,0.002732488326728344,43175.21484375,0.704979203382822,0.7849030494689941
32,16,edited,4,4,149516,insta,-6.277542591094971,0.0018780099926516414,43175.21484375,0.704979203382822,0.7849030494689941
32,16,edited,5,5,87438, embarrassment,-6.277542591094971,0.0018780099926516414,43175.21484375,0.704979203382822,0.7849030494689941
33,16,clean,1,1,32261, spider,-7.152301259338856e-05,0.9999284744262695,70204.828125,1.8102509773728146,0.8159788250923157
33,16,clean,2,2,40046, Spider,-10.25007152557373,3.53549730789382e-05,70204.828125,1.8102509773728146,0.8159788250923157
33,16,clean,3,3,16368, insect,-11.25007152557373,1.300636722589843e-05,70204.828125,1.8102509773728146,0.8159788250923157
33,16,clean,4,4,134588, arach,-12.12507152557373,5.421860350907082e-06,70204.828125,1.8102509773728146,0.8159788250923157
33,16,clean,5,5,90707, beetle,-12.12507152557373,5.421860350907082e-06,70204.828125,1.8102509773728146,0.8159788250923157
33,16,edited,1,2,1115, es,-6.254452228546143,0.0019218784291297197,70204.828125,1.8102509773728146,0.8159788250923157
33,16,edited,2,3,679,og,-7.254452228546143,0.0007070195861160755,70204.828125,1.8102509773728146,0.8159788250923157
33,16,edited,3,4,517, f,-7.754452228546143,0.00042882905108854175,70204.828125,1.8102509773728146,0.8159788250923157
33,16,edited,4,6,569, de,-8.129451751708984,0.00029472974711097777,70204.828125,1.8102509773728146,0.8159788250923157
33,16,edited,5,7,538, n,-8.629451751708984,0.00017876262427307665,70204.828125,1.8102509773728146,0.8159788250923157
